Natural,Innovación,Economía,Feliz
Costa Rica,Chile,Cuba,Paraguay
Ecuador,Guatemala,Chile,Perú
Cuba,México,Paraguay,Argentina
Paraguay,Uruguay,Puerto Rico,Cuba
Brasil,Venezuela,El Salvador,República Dominicana
Colombia,Panamá,Colombia,Nicaragua
Perú,República Dominicana,Perú,México
Uruguay,Brasil,Uruguay,Venezuela
República Dominicana,Costa Rica,Guatemala,Chile
Nicaragua,Colombia,Panamá,Bolivia
Puerto Rico,Cuba,Venezuela,Costa Rica
Panamá,Honduras,Brasil,Uruguay
Chile,Bolivia,México,Brasil
Argentina,Ecuador,Costa Rica,Panamá
Venezuela,Paraguay,Nicaragua,Guatemala
